symbol,Name,Score
😂,FACE WITH TEARS OF JOY,3739707175
❤️,HEAVY BLACK HEART,1978711147
😭,LOUDLY CRYING FACE,1665660824
😍,SMILING FACE WITH HEART-SHAPED EYES,1321723060
♻️,BLACK UNIVERSAL RECYCLING SYMBOL,985746167
♥️,BLACK HEART SUIT,886385891
😊,SMILING FACE WITH SMILING EYES,821586526
💕,TWO HEARTS,611643196
😔,PENSIVE FACE,610729615
😘,FACE THROWING A KISS,601346378
😒,UNAMUSED FACE,567010482
😩,WEARY FACE,554663131
😁,GRINNING FACE WITH SMILING EYES,537933680
☺️,WHITE SMILING FACE,487980855
🙏,PERSON WITH FOLDED HANDS,477881721
🔥,FIRE,465766066
👍,THUMBS UP SIGN,458061126
😅,SMILING FACE WITH OPEN MOUTH AND COLD SWEAT,446483013
👀,EYES,443696049
😉,WINKING FACE,441120741
👌,OK HAND SIGN,428099756
😏,SMIRKING FACE,418443329
✨,SPARKLES,391933540
💔,BROKEN HEART,355509177
😌,RELIEVED FACE,354861079
😎,SMILING FACE WITH SUNGLASSES,351106292
💜,PURPLE HEART,350315651
💙,BLUE HEART,345490217
😢,CRYING FACE,327501040
😳,FLUSHED FACE,323959744
💯,HUNDRED POINTS SYMBOL,274985682
💖,SPARKLING HEART,268002254
🎶,MULTIPLE MUSICAL NOTES,261559735
✅,WHITE HEAVY CHECK MARK,246454960
🙌,PERSON RAISING BOTH HANDS IN CELEBRATION,246347449
⬅️,LEFTWARDS BLACK ARROW,240867816
🙈,SEE-NO-EVIL MONKEY,230646764
😋,FACE SAVOURING DELICIOUS FOOD,228685463
😄,SMILING FACE WITH OPEN MOUTH AND SMILING EYES,216897498
💀,SKULL,212210505
💗,GROWING HEART,211004650
✌️,VICTORY HAND,206371510
😞,DISAPPOINTED FACE,201595249
😜,FACE WITH STUCK-OUT TONGUE AND WINKING EYE,199860739
👉,WHITE RIGHT POINTING BACKHAND INDEX,198264317
😑,EXPRESSIONLESS FACE,197987042
👏,CLAPPING HANDS SIGN,196063427
😴,SLEEPING FACE,195281736
😆,SMILING FACE WITH OPEN MOUTH AND TIGHTLY-CLOSED EYES,190052246
🌹,ROSE,188924541
😐,NEUTRAL FACE,187096856
😪,SLEEPY FACE,184108200
😕,CONFUSED FACE,179207554
💛,YELLOW HEART,179124950
💪,FLEXED BICEPS,174938028
😀,GRINNING FACE,167231192
💞,REVOLVING HEARTS,163120788
😡,POUTING FACE,161267920
💚,GREEN HEART,159125324
😱,FACE SCREAMING IN FEAR,157451406
🎉,PARTY POPPER,153192878
😈,SMILING FACE WITH HORNS,151018212
👇,WHITE DOWN POINTING BACKHAND INDEX,147237251
🌸,CHERRY BLOSSOM,145727439
😃,SMILING FACE WITH OPEN MOUTH,145618330
💘,HEART WITH ARROW,142570532
💋,KISS MARK,137893844
😬,GRIMACING FACE,134605795
📷,CAMERA,133346670
😫,TIRED FACE,131099586
😤,FACE WITH LOOK OF TRIUMPH,129567889
👈,WHITE LEFT POINTING BACKHAND INDEX,121312838
➡️,BLACK RIGHTWARDS ARROW,119941935
💓,BEATING HEART,118302947
▶️,BLACK RIGHT-POINTING TRIANGLE,117636764
☀️,BLACK SUN WITH RAYS,117001499
😇,SMILING FACE WITH HALO,115724827
🌚,NEW MOON WITH FACE,114900122
🙊,SPEAK-NO-EVIL MONKEY,114840423
😝,FACE WITH STUCK-OUT TONGUE AND TIGHTLY-CLOSED EYES,114190492
🔴,LARGE RED CIRCLE,113898437
👑,CROWN,109221284
😣,PERSEVERING FACE,108660480
💁,INFORMATION DESK PERSON,108164022
✋,RAISED HAND,107627050
✔️,HEAVY CHECK MARK,106602002
😻,SMILING CAT FACE WITH HEART-SHAPED EYES,102905930
😓,FACE WITH COLD SWEAT,102379567
💥,COLLISION SYMBOL,101622417
⚡️,HIGH VOLTAGE SIGN,98644138
😥,DISAPPOINTED BUT RELIEVED FACE,97529847
👊,FISTED HAND SIGN,96908323
‼️,DOUBLE EXCLAMATION MARK,95218049
👋,WAVING HAND SIGN,91590491
🌀,CYCLONE,86269208
💰,MONEY BAG,85315373
➖,HEAVY MINUS SIGN,85046799
😚,KISSING FACE WITH CLOSED EYES,84548564
⭐️,WHITE MEDIUM STAR,84162209
😛,FACE WITH STUCK-OUT TONGUE,83374975
😷,FACE WITH MEDICAL MASK,76228251
🌟,GLOWING STAR,76112435
😶,FACE WITHOUT MOUTH,73241936
😠,ANGRY FACE,73013204
💫,DIZZY SYMBOL,72422397
😖,CONFOUNDED FACE,71767011
🌺,HIBISCUS,63326338
⚽️,SOCCER BALL,62759432
🎧,HEADPHONE,62194340
🚀,ROCKET,61605854
💦,SPLASHING SWEAT SYMBOL,60510131
🎵,MUSICAL NOTE,60318142
😹,CAT FACE WITH TEARS OF JOY,60151898
✈️,AIRPLANE,59790908
1️⃣,KEYCAP 1,57354021
💎,GEM STONE,56382330
🏆,TROPHY,56307078
💃,DANCER,56281828
❌,CROSS MARK,56200225
✊,RAISED FIST,55789651
🙋,HAPPY PERSON RAISING ONE HAND,55684527
💩,PILE OF POO,54854330
🍀,FOUR LEAF CLOVER,54413933
🌞,SUN WITH FACE,54013480
2️⃣,KEYCAP 2,53782138
👎,THUMBS DOWN SIGN,53712868
😰,FACE WITH OPEN MOUTH AND COLD SWEAT,52486442
🌷,TULIP,52107839
☕️,HOT BEVERAGE,52064912
❗️,HEAVY EXCLAMATION MARK SYMBOL,51502093
🎁,WRAPPED PRESENT,50941135
💐,BOUQUET,49283597
👅,TONGUE,49018100
🚨,POLICE CARS REVOLVING LIGHT,47626971
🌈,RAINBOW,47496279
💆,FACE MASSAGE,46784201
💭,THOUGHT BALLOON,46729656
🍃,LEAF FLUTTERING IN WIND,46289360
🇺🇸,REGIONAL INDICATOR SYMBOL LETTERS US,46257619
📍,ROUND PUSHPIN,46078513
😟,WORRIED FACE,45796471
©,COPYRIGHT SIGN,44314404
🌻,SUNFLOWER,43432972
🔹,SMALL BLUE DIAMOND,43029101
🎈,BALLOON,42828966
🔫,PISTOL,42698962
🌙,CRESCENT MOON,42342268
😮,FACE WITH OPEN MOUTH,42119582
👻,GHOST,42100867
☁️,CLOUD,40474720
🎂,BIRTHDAY CAKE,40323802
☝️,WHITE UP POINTING INDEX,40083696
🎥,MOVIE CAMERA,39809393
🎊,CONFETTI BALL,39599058
🎀,RIBBON,39136729
📌,PUSHPIN,38442132
⚠️,WARNING SIGN,37973448
☑️,BALLOT BOX WITH CHECK,37600487
☎️,BLACK TELEPHONE,37467822
↪️,RIGHTWARDS ARROW WITH HOOK,37380721
😨,FEARFUL FACE,37362543
🙆,FACE WITH OK GESTURE,37296013
🍻,CLINKING BEER MUGS,37211550
😙,KISSING FACE WITH SMILING EYES,37111749
💤,SLEEPING SYMBOL,36984314
◀️,BLACK LEFT-POINTING TRIANGLE,36436039
🎤,MICROPHONE,36091354
❄️,SNOWFLAKE,35777103
🐶,DOG FACE,35636953
💸,MONEY WITH WINGS,35446227
😲,ASTONISHED FACE,35251733
⬇️,DOWNWARDS BLACK ARROW,35038254
🎄,CHRISTMAS TREE,34674398
🔞,NO ONE UNDER EIGHTEEN SYMBOL,34081879
🌿,HERB,33654577
💌,LOVE LETTER,33456859
↩️,LEFTWARDS ARROW WITH HOOK,33099918
💝,HEART WITH RIBBON,32598396
🌼,BLOSSOM,32509391
🙅,FACE WITH NO GOOD GESTURE,32396536
📲,MOBILE PHONE WITH RIGHTWARDS ARROW AT LEFT,31509140
🍕,SLICE OF PIZZA,31389821
📢,PUBLIC ADDRESS LOUDSPEAKER,30862006
💅,NAIL POLISH,30587239
😯,HUSHED FACE,29975822
🚶,PEDESTRIAN,29881912
😿,CRYING CAT FACE,29224706
🌴,PALM TREE,29167176
😵,DIZZY FACE,29031814
🐳,SPOUTING WHALE,28942274
💟,HEART DECORATION,28709185
📺,TELEVISION,28671765
🐐,GOAT,28602119
🙇,PERSON BOWING DEEPLY,28342493
😧,ANGUISHED FACE,28332449
🎯,DIRECT HIT,27900779
😼,CAT FACE WITH WRY SMILE,27875542
👽,EXTRATERRESTRIAL ALIEN,27827396
🌝,FULL MOON WITH FACE,27804052
🌎,EARTH GLOBE AMERICAS,27535738
⏰,ALARM CLOCK,27064348
🍁,MAPLE LEAF,26827590
🍑,PEACH,26826655
👐,OPEN HANDS SIGN,26409862
🐱,CAT FACE,26341569
🏃,RUNNER,25917924
🌍,EARTH GLOBE EUROPE-AFRICA,25900268
🍂,FALLEN LEAF,25675022
🐧,PENGUIN,25300359
😗,KISSING FACE,25278494
🌊,WATER WAVE,25145604
🕥,CLOCK FACE TEN-THIRTY,25099568
📣,CHEERING MEGAPHONE,25033752
🏀,BASKETBALL AND HOOP,24913611
💨,DASH SYMBOL,24263649
🔵,LARGE BLUE CIRCLE,24170155
🔊,SPEAKER WITH THREE SOUND WAVES,24004306
🐰,RABBIT FACE,23709691
🔗,LINK SYMBOL,23671084
👆,WHITE UP POINTING BACKHAND INDEX,23111528
💣,BOMB,22710423
♨️,HOT SPRINGS,22479102
👼,BABY ANGEL,22420968
📹,VIDEO CAMERA,22216923
♣️,BLACK CLUB SUIT,22115207
🌵,CACTUS,21812845
🔰,JAPANESE SYMBOL FOR BEGINNER,21386703
🍒,CHERRIES,21270451
⭕️,HEAVY LARGE CIRCLE,21054227
💍,RING,20710285
🎼,MUSICAL SCORE,20645891
📱,MOBILE PHONE,20575441
👯,WOMAN WITH BUNNY EARS,20102960
✖️,HEAVY MULTIPLICATION X,20093856
📞,TELEPHONE RECEIVER,20049223
🌱,SEEDLING,19882123
🍓,STRAWBERRY,19337372
🎬,CLAPPER BOARD,19117191
😽,KISSING CAT FACE WITH CLOSED EYES,19052968
👄,MOUTH,18886370
🍆,AUBERGINE,18863924
😦,FROWNING FACE WITH OPEN MOUTH,18525252
🔪,HOCHO,18480218
🔝,TOP WITH UPWARDS ARROW ABOVE,18363638
🐷,PIG FACE,18241167
3️⃣,KEYCAP 3,17877727
♠️,BLACK SPADE SUIT,17740802
💧,DROPLET,17701442
🔔,BELL,17670032
🐻,BEAR FACE,17402997
⏩,BLACK RIGHT-POINTING DOUBLE TRIANGLE,17318848
😸,GRINNING CAT FACE WITH SMILING EYES,17222016
📝,MEMO,17084006
⚓️,ANCHOR,17017395
💏,KISS,16987809
🍷,WINE GLASS,16907072
💬,SPEECH BALLOON,16817588
🐝,HONEYBEE,16783991
♦️,BLACK DIAMOND SUIT,16736707
👫,MAN AND WOMAN HOLDING HANDS,16705917
🎃,JACK-O-LANTERN,16466393
👩,WOMAN,16376366
🐾,PAW PRINTS,16246353
📚,BOOKS,16230249
🍺,BEER MUG,16203021
💵,BANKNOTE WITH DOLLAR SIGN,16168310
👿,IMP,15980701
🙉,HEAR-NO-EVIL MONKEY,15904771
🐍,SNAKE,15896539
☔️,UMBRELLA WITH RAIN DROPS,15880007
🇫🇷,REGIONAL INDICATOR SYMBOL LETTERS FR,15689172
🔸,SMALL ORANGE DIAMOND,15628129
💡,ELECTRIC LIGHT BULB,15560334
🍭,LOLLIPOP,15519869
👸,PRINCESS,15492103
🏈,AMERICAN FOOTBALL,15463079
🎮,VIDEO GAME,15130065
⚪️,MEDIUM WHITE CIRCLE,15103244
💢,ANGER SYMBOL,15102494
🚩,TRIANGULAR FLAG ON POST,15073324
🐸,FROG FACE,15071487
👨,MAN,14932773
▪️,BLACK SMALL SQUARE,14892033
⤵️,ARROW POINTING RIGHTWARDS THEN CURVING DOWNWARDS,14760496
🌏,EARTH GLOBE ASIA-AUSTRALIA,14631458
🐯,TIGER FACE,14531314
💻,PERSONAL COMPUTER,14365905
😾,POUTING CAT FACE,14209079
🎅,FATHER CHRISTMAS,14150178
🐼,PANDA FACE,14145429
🙀,WEARY CAT FACE,13926534
🚧,CONSTRUCTION SIGN,13908086
👭,TWO WOMEN HOLDING HANDS,13903010
😺,SMILING CAT FACE WITH OPEN MOUTH,13881377
🚬,SMOKING SYMBOL,13812224
🇬🇧,REGIONAL INDICATOR SYMBOL LETTERS GB,13745724
4️⃣,KEYCAP 4,13742554
™,TRADE MARK SIGN,13690505
🎸,GUITAR,13437110
🍌,BANANA,13435617
📈,CHART WITH UPWARDS TREND,13419412
🍉,WATERMELON,13277180
🐣,HATCHING CHICK,13244611
📻,RADIO,13234313
❓,BLACK QUESTION MARK ORNAMENT,13195135
🏡,HOUSE WITH GARDEN,13082921
🚗,AUTOMOBILE,13051678
⚾️,BASEBALL,13025261
🍊,TANGERINE,12990791
💉,SYRINGE,12958279
🐥,FRONT-FACING BABY CHICK,12951436
⚫️,MEDIUM BLACK CIRCLE,12851756
🗿,MOYAI,12759830
🍩,DOUGHNUT,12695960
5️⃣,KEYCAP 5,12548252
🚫,NO ENTRY SIGN,12472653
🍫,CHOCOLATE BAR,12354100
🔮,CRYSTAL BALL,12352597
✏️,PENCIL,12281311
📩,ENVELOPE WITH DOWNWARDS ARROW ABOVE,12281019
👶,BABY,12150894
🏠,HOUSE BUILDING,12075024
⛅️,SUN BEHIND CLOUD,12052788
🍟,FRENCH FRIES,11947754
🕒,CLOCK FACE THREE OCLOCK,11947554
👹,JAPANESE OGRE,11875062
🚮,PUT LITTER IN ITS PLACE SYMBOL,11864388
💑,COUPLE WITH HEART,11854966
🇮🇹,REGIONAL INDICATOR SYMBOL LETTERS IT,11787657
🌾,EAR OF RICE,11755659
🍎,RED APPLE,11714954
🔷,LARGE BLUE DIAMOND,11710884
🇪🇸,REGIONAL INDICATOR SYMBOL LETTERS ES,11617229
®,REGISTERED SIGN,11534570
⁉️,EXCLAMATION QUESTION MARK,11346521
🍰,SHORTCAKE,11321837
🌌,MILKY WAY,10901161
🆚,SQUARED VS,10704695
🐢,TURTLE,10636722
⛄️,SNOWMAN WITHOUT SNOW,10523394
🍬,CANDY,10482257
🙍,PERSON FROWNING,10382657
🐒,MONKEY,10302498
🆗,SQUARED OK,10262093
👣,FOOTPRINTS,10248756
🔑,KEY,10214630
🎨,ARTIST PALETTE,10139628
🍪,COOKIE,10121361
🍹,TROPICAL DRINK,10110335
🌐,GLOBE WITH MERIDIANS,10077071
🍔,HAMBURGER,10001125
👾,ALIEN MONSTER,9994999
📖,OPEN BOOK,9964257
📰,NEWSPAPER,9824828
✂️,BLACK SCISSORS,9718115
🍇,GRAPES,9665220
🍄,MUSHROOM,9541423
👧,GIRL,9496481
⬆️,UPWARDS BLACK ARROW,9398183
🍦,SOFT ICE CREAM,9372050
🔁,CLOCKWISE RIGHTWARDS AND LEFTWARDS OPEN CIRCLE ARROWS,9339810
❕,WHITE EXCLAMATION MARK ORNAMENT,9305113
🍴,FORK AND KNIFE,9248481
🐕,DOG,9201864
🌠,SHOOTING STAR,9164599
↔️,LEFT RIGHT ARROW,9157776
🚖,ONCOMING TAXI,9102200
🐈,CAT,9044080
💊,PILL,9033135
🐦,BIRD,9023570
🐙,OCTOPUS,8963089
🔻,DOWN-POINTING RED TRIANGLE,8942845
🇩🇪,REGIONAL INDICATOR SYMBOL LETTERS DE,8904039
🏁,CHEQUERED FLAG,8847968
💄,LIPSTICK,8823897
👠,HIGH-HEELED SHOE,8794907
🌅,SUNRISE,8704941
🐺,WOLF FACE,8695925
🆘,SQUARED SOS,8687462
🔶,LARGE ORANGE DIAMOND,8650865
🐬,DOLPHIN,8630159
🍏,GREEN APPLE,8617705
🍸,COCKTAIL GLASS,8526728
🐟,FISH,8440055
✉️,ENVELOPE,8400587
🍍,PINEAPPLE,8384767
🎓,GRADUATION CAP,8375621
👺,JAPANESE GOBLIN,8315271
🍋,LEMON,8262702
🌳,DECIDUOUS TREE,8219200
🌲,EVERGREEN TREE,8181695
⌚️,WATCH,8058512
🔃,CLOCKWISE DOWNWARDS AND UPWARDS OPEN CIRCLE ARROWS,8055291
⛔️,NO ENTRY,8004187
🆔,SQUARED ID,7987485
👙,BIKINI,7987315
🎆,FIREWORKS,7778807
🆒,SQUARED COOL,7686196
🔜,SOON WITH RIGHTWARDS ARROW ABOVE,7647256
🐘,ELEPHANT,7603283
🎭,PERFORMING ARTS,7582029
💿,OPTICAL DISC,7536297
↘️,SOUTH EAST ARROW,7526600
🔄,ANTICLOCKWISE DOWNWARDS AND UPWARDS OPEN CIRCLE ARROWS,7497229
↗️,NORTH EAST ARROW,7358798
📅,CALENDAR,7354584
🆕,SQUARED NEW,7322724
👦,BOY,7311076
📦,PACKAGE,7304636
⬜️,WHITE LARGE SQUARE,7200580
👤,BUST IN SILHOUETTE,7185632
🛃,CUSTOMS,7144156
🌕,FULL MOON SYMBOL,7136062
🍯,HONEY POT,7115776
🌃,NIGHT WITH STARS,7112345
⏳,HOURGLASS WITH FLOWING SAND,7079414
📆,TEAR-OFF CALENDAR,7002967
🆓,SQUARED FREE,6920512
📕,CLOSED BOOK,6912390
♋️,CANCER,6842498
✳️,EIGHT SPOKED ASTERISK,6777694
📥,INBOX TRAY,6771502
🔒,LOCK,6730641
🔙,BACK WITH LEFTWARDS ARROW ABOVE,6726624
🔐,CLOSED LOCK WITH KEY,6645131
🎱,BILLIARDS,6645125
🌄,SUNRISE OVER MOUNTAINS,6620764
👟,ATHLETIC SHOE,6614502
🇯🇵,REGIONAL INDICATOR SYMBOL LETTERS JP,6605066
🍼,BABY BOTTLE,6573966
▫️,WHITE SMALL SQUARE,6479579
🔽,DOWN-POINTING SMALL RED TRIANGLE,6452597
⛽️,FUEL PUMP,6444878
↕️,UP DOWN ARROW,6421303
🔺,UP-POINTING RED TRIANGLE,6414494
📊,BAR CHART,6409842
🐠,TROPICAL FISH,6386182
⏬,BLACK DOWN-POINTING DOUBLE TRIANGLE,6348781
⏪,BLACK LEFT-POINTING DOUBLE TRIANGLE,6346400
🔎,RIGHT-POINTING MAGNIFYING GLASS,6313514
🚘,ONCOMING AUTOMOBILE,6304652
🏨,HOTEL,6275347
🎩,TOP HAT,6143035
🐹,HAMSTER FACE,6141445
⛳️,FLAG IN HOLE,6092967
0️⃣,KEYCAP 0,6035069
🎾,TENNIS RACQUET AND BALL,5987705
🌛,FIRST QUARTER MOON WITH FACE,5979046
🍵,TEACUP WITHOUT HANDLE,5940785
⬛️,BLACK LARGE SQUARE,5893538
🐨,KOALA,5867684
👗,DRESS,5797309
🎇,FIREWORK SPARKLER,5792290
✴️,EIGHT POINTED BLACK STAR,5733026
🍳,COOKING,5725870
🐉,DRAGON,5664496
💠,DIAMOND SHAPE WITH A DOT INSIDE,5657394
🍞,BREAD,5645610
↙️,SOUTH WEST ARROW,5609027
🐵,MONKEY FACE,5606823
🌽,EAR OF MAIZE,5602204
🚦,VERTICAL TRAFFIC LIGHT,5517523
🔍,LEFT-POINTING MAGNIFYING GLASS,5513560
👂,EAR,5509414
🌑,NEW MOON SYMBOL,5503359
🍗,POULTRY LEG,5498938
🐮,COW FACE,5492268
🏊,SWIMMER,5478729
〰,WAVY DASH,5401647
🍜,STEAMING BOWL,5360018
🌜,LAST QUARTER MOON WITH FACE,5353676
⛵️,SAILBOAT,5329804
🐊,CROCODILE,5283857
🐔,CHICKEN,5273484
🐽,PIG NOSE,5270510
🇷🇺,REGIONAL INDICATOR SYMBOL LETTERS RU,5260021
👥,BUSTS IN SILHOUETTE,5217732
🐇,RABBIT,5211962
💳,CREDIT CARD,5196971
🐎,HORSE,5195605
👕,T-SHIRT,5177540
✒️,BLACK NIB,5147107
🔱,TRIDENT EMBLEM,5145073
♐️,SAGITTARIUS,5144852
👓,EYEGLASSES,5142715
📡,SATELLITE ANTENNA,5131868
🆙,SQUARED UP WITH EXCLAMATION MARK,5119568
🐴,HORSE FACE,5109705
🐑,SHEEP,5104347
🍧,SHAVED ICE,5092368
🍅,TOMATO,5082966
🔘,RADIO BUTTON,5043484
🍣,SUSHI,5043320
㊗️,CIRCLED IDEOGRAPH CONGRATULATION,5033563
📉,CHART WITH DOWNWARDS TREND,5018611
⌛️,HOURGLASS,5008440
6️⃣,KEYCAP 6,4991702
🌆,CITYSCAPE AT DUSK,4962892
❇️,SPARKLE,4947619
⤴️,ARROW POINTING RIGHTWARDS THEN CURVING UPWARDS,4940305
㊙️,CIRCLED IDEOGRAPH SECRET,4893923
👪,FAMILY,4882763
📮,POSTBOX,4873310
➕,HEAVY PLUS SIGN,4870737
👃,NOSE,4781494
💲,HEAVY DOLLAR SIGN,4700489
🐀,RAT,4685301
💼,BRIEFCASE,4631164
🍥,FISH CAKE WITH SWIRL DESIGN,4620662
🐭,MOUSE FACE,4594646
Ⓜ️,CIRCLED LATIN CAPITAL LETTER M,4585169
🍝,SPAGHETTI,4584088
♈️,ARIES,4571846
💂,GUARDSMAN,4564668
🎲,GAME DIE,4563005
👬,TWO MEN HOLDING HANDS,4496817
🐞,LADY BEETLE,4455220
👵,OLDER WOMAN,4437307
💇,HAIRCUT,4428786
🕐,CLOCK FACE ONE OCLOCK,4411847
♉️,TAURUS,4343667
🔆,HIGH BRIGHTNESS SYMBOL,4324112
👖,JEANS,4306745
🅰,NEGATIVE SQUARED LATIN CAPITAL LETTER A,4282125
🐓,ROOSTER,4278022
♒️,AQUARIUS,4266133
👰,BRIDE WITH VEIL,4253739
♏️,SCORPIUS,4231406
➰,CURLY LOOP,4224540
🐛,BUG,4193049
🚲,BICYCLE,4180335
🚙,RECREATIONAL VEHICLE,4134592
❎,NEGATIVE SQUARED CROSS MARK,4110462
📎,PAPERCLIP,4092670
🚿,SHOWER,4070597
🐤,BABY CHICK,4066568
🐋,WHALE,4061022
🔛,ON WITH EXCLAMATION MARK WITH LEFT RIGHT ARROW ABOVE,4043310
🐚,SPIRAL SHELL,4037695
🍨,ICE CREAM,4018565
🙎,PERSON WITH POUTING FACE,3959553
👮,POLICE OFFICER,3908132
🚚,DELIVERY TRUCK,3900603
↖️,NORTH WEST ARROW,3870710
♊️,GEMINI,3865986
🇨🇳,REGIONAL INDICATOR SYMBOL LETTERS CN,3864803
🎻,VIOLIN,3858639
〽️,PART ALTERNATION MARK,3855434
🔌,ELECTRIC PLUG,3848366
🎹,MUSICAL KEYBOARD,3847736
🏄,SURFER,3812731
👴,OLDER MAN,3728971
♓️,PISCES,3728380
♌️,LEO,3717281
🇰🇷,REGIONAL INDICATOR SYMBOL LETTERS KR,3689151
ℹ️,INFORMATION SOURCE,3682935
🛅,LEFT LUGGAGE,3680929
🎣,FISHING POLE AND FISH,3671813
💮,WHITE FLOWER,3667944
🔋,BATTERY,3654564
🅱,NEGATIVE SQUARED LATIN CAPITAL LETTER B,3588942
🚂,STEAM LOCOMOTIVE,3567209
7️⃣,KEYCAP 7,3557619
🕛,CLOCK FACE TWELVE OCLOCK,3548157
🎐,WIND CHIME,3528357
♎️,LIBRA,3526211
⛪️,CHURCH,3463688
🚺,WOMENS SYMBOL,3406264
🐜,ANT,3391714
🍤,FRIED SHRIMP,3376984
🚴,BICYCLIST,3376758
🐌,SNAIL,3352468
🍱,BENTO BOX,3347906
📄,PAGE FACING UP,3347665
🔨,HAMMER,3320534
🍚,COOKED RICE,3308363
🍐,PEAR,3305936
🔓,OPEN LOCK,3276385
🗽,STATUE OF LIBERTY,3271144
🐖,PIG,3269328
🚌,BUS,3257450
🌋,VOLCANO,3255741
🐩,POODLE,3252201
💒,WEDDING,3242117
♍️,VIRGO,3213332
🅿️,NEGATIVE SQUARED LATIN CAPITAL LETTER P,3212673
🐄,COW,3210761
📋,CLIPBOARD,3202319
🏫,SCHOOL,3200001
🎋,TANABATA TREE,3193089
🌒,WAXING CRESCENT MOON SYMBOL,3192436
♑️,CAPRICORN,3183095
🍖,MEAT ON BONE,3175607
🍡,DANGO,3166546
🏢,OFFICE BUILDING,3149208
🌓,FIRST QUARTER MOON SYMBOL,3122212
📀,DVD,3110283
👚,WOMANS CLOTHES,3106071
🚪,DOOR,3064966
🐡,BLOWFISH,3063910
🎪,CIRCUS TENT,3043079
🎰,SLOT MACHINE,3020962
🍲,POT OF FOOD,3020909
🚔,ONCOMING POLICE CAR,3011963
👱,PERSON WITH BLOND HAIR,2961917
❔,WHITE QUESTION MARK ORNAMENT,2955935
🏥,HOSPITAL,2929531
👳,MAN WITH TURBAN,2925903
🌘,WANING CRESCENT MOON SYMBOL,2897519
🐂,OX,2888956
🎫,TICKET,2881818
🍮,CUSTARD,2872516
👜,HANDBAG,2871168
💶,BANKNOTE WITH EURO SIGN,2834696
🌔,WAXING GIBBOUS MOON SYMBOL,2830939
🏩,LOVE HOTEL,2827688
🎎,JAPANESE DOLLS,2811222
🚑,AMBULANCE,2752452
📛,NAME BADGE,2732957
🐅,TIGER,2685479
📨,INCOMING ENVELOPE,2678727
🏇,HORSE RACING,2666709
🅾,NEGATIVE SQUARED LATIN CAPITAL LETTER O,2666402
💴,BANKNOTE WITH YEN SIGN,2644233
🌗,LAST QUARTER MOON SYMBOL,2615439
🌇,SUNSET OVER BUILDINGS,2609475
8️⃣,KEYCAP 8,2605168
🕕,CLOCK FACE SIX OCLOCK,2596863
🌖,WANING GIBBOUS MOON SYMBOL,2594266
🚼,BABY SYMBOL,2574749
🏉,RUGBY FOOTBALL,2572534
👔,NECKTIE,2560759
9️⃣,KEYCAP 9,2548025
🐲,DRAGON FACE,2546806
🍛,CURRY AND RICE,2539628
🌰,CHESTNUT,2531281
🎡,FERRIS WHEEL,2517404
🛀,BATH,2517209
⛺️,TENT,2485363
👢,WOMANS BOOTS,2461129
🏪,CONVENIENCE STORE,2442590
🃏,PLAYING CARD BLACK JOKER,2417417
🔖,BOOKMARK,2395846
🍈,MELON,2373525
🎷,SAXOPHONE,2353682
🔅,LOW BRIGHTNESS SYMBOL,2352862
🎺,TRUMPET,2352464
🎢,ROLLER COASTER,2334645
➿,DOUBLE CURLY LOOP,2334279
🚓,POLICE CAR,2321137
🍙,RICE BALL,2318506
🐏,RAM,2313615
🐃,WATER BUFFALO,2305130
🔉,SPEAKER WITH ONE SOUND WAVE,2304746
🔈,SPEAKER,2297740
♿️,WHEELCHAIR SYMBOL,2285300
◼️,BLACK MEDIUM SQUARE,2275944
🏰,EUROPEAN CASTLE,2266345
🔼,UP-POINTING SMALL RED TRIANGLE,2260717
🚢,SHIP,2254582
🏂,SNOWBOARDER,2212002
👒,WOMANS HAT,2209222
📜,SCROLL,2208774
🚒,FIRE ENGINE,2174421
👞,MANS SHOE,2174340
🎠,CAROUSEL HORSE,2172991
🎒,SCHOOL SATCHEL,2156986
📬,OPEN MAILBOX WITH RAISED FLAG,2143761
🈹,SQUARED CJK UNIFIED IDEOGRAPH-5272,2124612
🉐,CIRCLED IDEOGRAPH ADVANTAGE,2113781
🚽,TOILET,2108646
◾️,BLACK MEDIUM SMALL SQUARE,2082033
💷,BANKNOTE WITH POUND SIGN,2079470
🏦,BANK,2074355
📘,BLUE BOOK,2060277
🐆,LEOPARD,2006498
🚁,HELICOPTER,1985941
🐪,DROMEDARY CAMEL,1985562
⛲️,FOUNTAIN,1982590
🐫,BACTRIAN CAMEL,1936513
🗻,MOUNT FUJI,1935463
🚕,TAXI,1909294
👛,PURSE,1899200
◻️,WHITE MEDIUM SQUARE,1891160
💈,BARBER POLE,1860115
🔟,KEYCAP TEN,1857981
🍠,ROASTED SWEET POTATO,1852600
🗼,TOKYO TOWER,1829641
🐗,BOAR,1825562
👷,CONSTRUCTION WORKER,1821468
📧,E-MAIL SYMBOL,1816745
🚹,MENS SYMBOL,1810265
👲,MAN WITH GUA PI MAO,1797832
🔕,BELL WITH CANCELLATION STROKE,1775184
🌂,CLOSED UMBRELLA,1769007
🚛,ARTICULATED LORRY,1757142
🎳,BOWLING,1755152
🛁,BATHTUB,1729155
🎍,PINE DECORATION,1717982
🔚,END WITH LEFTWARDS ARROW ABOVE,1695224
📼,VIDEOCASSETTE,1685100
#️⃣,HASH KEY,1651902
🎌,CROSSED FLAGS,1649461
🔲,BLACK SQUARE BUTTON,1630158
📃,PAGE WITH CURL,1627020
🕓,CLOCK FACE FOUR OCLOCK,1626215
📶,ANTENNA WITH BARS,1606105
🔭,TELESCOPE,1598563
🕑,CLOCK FACE TWO OCLOCK,1596304
🎏,CARP STREAMER,1591052
💹,CHART WITH UPWARDS TREND AND YEN SIGN,1588174
💽,MINIDISC,1573962
🚣,ROWBOAT,1561316
⏫,BLACK UP-POINTING DOUBLE TRIANGLE,1546814
🌉,BRIDGE AT NIGHT,1526187
🕙,CLOCK FACE TEN OCLOCK,1514450
📴,MOBILE PHONE OFF,1472889
📓,NOTEBOOK,1466096
💱,CURRENCY EXCHANGE,1461225
👘,KIMONO,1401322
🔂,CLOCKWISE RIGHTWARDS AND LEFTWARDS OPEN CIRCLE ARROWS WITH CIRCLED ONE OVERLAY,1393058
🔧,WRENCH,1390850
🔦,ELECTRIC TORCH,1390071
📏,STRAIGHT RULER,1388354
🌁,FOGGY,1364295
🔬,MICROSCOPE,1349344
🚍,ONCOMING BUS,1347730
💺,SEAT,1343577
🕘,CLOCK FACE NINE OCLOCK,1341867
📗,GREEN BOOK,1338852
🎑,MOON VIEWING CEREMONY,1329729
📒,LEDGER,1315783
🏬,DEPARTMENT STORE,1277246
🐁,MOUSE,1277114
🚜,TRACTOR,1273707
🍶,SAKE BOTTLE AND CUP,1273278
◽️,WHITE MEDIUM SMALL SQUARE,1268999
🔳,WHITE SQUARE BUTTON,1268441
🔯,SIX POINTED STAR WITH MIDDLE DOT,1249779
🏧,AUTOMATED TELLER MACHINE,1228963
🚤,SPEEDBOAT,1221502
🕗,CLOCK FACE EIGHT OCLOCK,1206460
💾,FLOPPY DISK,1198386
🍢,ODEN,1176056
🕖,CLOCK FACE SEVEN OCLOCK,1163722
🚄,HIGH-SPEED TRAIN,1161467
🔇,SPEAKER WITH CANCELLATION STROKE,1136021
📠,FAX MACHINE,1135773
🕔,CLOCK FACE FIVE OCLOCK,1130491
🎦,CINEMA,1129186
📑,BOOKMARK TABS,1110309
👡,WOMANS SANDAL,1090153
🏭,FACTORY,1077302
📂,OPEN FILE FOLDER,1053409
🚆,TRAIN,1041987
📳,VIBRATION MODE,1039571
🏤,EUROPEAN POST OFFICE,1032359
🎽,RUNNING SHIRT WITH SASH,1030205
🏮,IZAKAYA LANTERN,1027589
🚵,MOUNTAIN BICYCLIST,1019361
🚥,HORIZONTAL TRAFFIC LIGHT,1008508
🚃,RAILWAY CAR,996286
📙,ORANGE BOOK,993599
🕚,CLOCK FACE ELEVEN OCLOCK,991789
🚐,MINIBUS,981750
🍘,RICE CRACKER,950339
🕦,CLOCK FACE ELEVEN-THIRTY,944739
📯,POSTAL HORN,938807
🎿,SKI AND SKI BOOT,903872
🚇,METRO,867031
🚭,NO SMOKING SYMBOL,862203
🎴,FLOWER PLAYING CARDS,853467
📟,PAGER,839531
🗾,SILHOUETTE OF JAPAN,825927
📵,NO MOBILE PHONES,816017
🕞,CLOCK FACE THREE-THIRTY,815257
⛎,OPHIUCHUS,813126
🔀,TWISTED RIGHTWARDS ARROWS,801686
📫,CLOSED MAILBOX WITH RAISED FLAG,794519
📁,FILE FOLDER,790141
🚎,TROLLEYBUS,781446
🚋,TRAM CAR,772219
🚅,HIGH-SPEED TRAIN WITH BULLET NOSE,762643
🏣,JAPANESE POST OFFICE,738024
🚉,STATION,728114
🈺,SQUARED CJK UNIFIED IDEOGRAPH-55B6,723623
📔,NOTEBOOK WITH DECORATIVE COVER,722398
🏯,JAPANESE CASTLE,710609
📤,OUTBOX TRAY,707219
🔢,INPUT SYMBOL FOR NUMBERS,695636
📐,TRIANGULAR RULER,681001
🚏,BUS STOP,679693
🚳,NO BICYCLES,675242
🚊,TRAM,665491
🈯️,SQUARED CJK UNIFIED IDEOGRAPH-6307,659026
🔩,NUT AND BOLT,648171
🚈,LIGHT RAIL,644425
🆎,NEGATIVE SQUARED AB,625064
🚷,NO PEDESTRIANS,612301
🚾,WATER CLOSET,598542
🆖,SQUARED NG,596516
🈵,SQUARED CJK UNIFIED IDEOGRAPH-6E80,586416
🈳,SQUARED CJK UNIFIED IDEOGRAPH-7A7A,568977
🚸,CHILDREN CROSSING,544847
🀄️,MAHJONG TILE RED DRAGON,544330
🔏,LOCK WITH INK PEN,540722
🚟,SUSPENSION RAILWAY,511753
🚻,RESTROOM,510553
🚰,POTABLE WATER SYMBOL,509331
🈁,SQUARED KATAKANA KOKO,502474
➗,HEAVY DIVISION SIGN,492664
🉑,CIRCLED IDEOGRAPH ACCEPT,484180
👝,POUCH,479306
🕤,CLOCK FACE NINE-THIRTY,478851
🆑,SQUARED CL,473861
🚡,AERIAL TRAMWAY,473845
🕜,CLOCK FACE ONE-THIRTY,473689
🛄,BAGGAGE CLAIM,454056
🚠,MOUNTAIN CABLEWAY,453452
🚞,MOUNTAIN RAILWAY,444626
🕝,CLOCK FACE TWO-THIRTY,437806
🕧,CLOCK FACE TWELVE-THIRTY,437126
🕢,CLOCK FACE SEVEN-THIRTY,432340
📪,CLOSED MAILBOX WITH LOWERED FLAG,420501
📭,OPEN MAILBOX WITH LOWERED FLAG,414671
🕣,CLOCK FACE EIGHT-THIRTY,412901
🈶,SQUARED CJK UNIFIED IDEOGRAPH-6709,394279
🕟,CLOCK FACE FOUR-THIRTY,393801
🈂,SQUARED KATAKANA SA,383473
🕠,CLOCK FACE FIVE-THIRTY,373563
🈚️,SQUARED CJK UNIFIED IDEOGRAPH-7121,362562
🛂,PASSPORT CONTROL,360888
🚝,MONORAIL,357809
🔠,INPUT SYMBOL FOR LATIN CAPITAL LETTERS,357326
🈲,SQUARED CJK UNIFIED IDEOGRAPH-7981,356779
🕡,CLOCK FACE SIX-THIRTY,351986
📇,CARD INDEX,343742
🔡,INPUT SYMBOL FOR LATIN SMALL LETTERS,338800
🚱,NON-POTABLE WATER SYMBOL,338305
🚯,DO NOT LITTER SYMBOL,310798
🈴,SQUARED CJK UNIFIED IDEOGRAPH-5408,308000
🈷,SQUARED CJK UNIFIED IDEOGRAPH-6708,300908
🔤,INPUT SYMBOL FOR LATIN LETTERS,290842
🈸,SQUARED CJK UNIFIED IDEOGRAPH-7533,277489
🔣,INPUT SYMBOL FOR SYMBOLS,246670
